model,params,test_acc,test_loss,train_time_sec
CNN,11169605,0.9771555662155151,0.06917683035135269,51.28136110305786
ViT,548869,0.9622222185134888,0.1058245450258255,64.00569200515747
