model,params,test_acc,test_loss,train_time_sec
CNN,11169605,0.9871110916137695,0.042679786682128906,350.6262638568878
ViT,548869,0.9949333071708679,0.017745740711688995,886.5411598682404
